<?xml version="1.0" encoding="UTF-8"?>
<project-private xmlns="http://www.netbeans.org/ns/project-private/1">
    <editor-bookmarks xmlns="http://www.netbeans.org/ns/editor-bookmarks/2" lastBookmarkId="0"/>
    <open-files xmlns="http://www.netbeans.org/ns/projectui-open-files/2">
        <group>
            <file>file:/D:/Kuliah/Semester%205/AI/programGA/src/programGA/Driver.java</file>
            <file>file:/D:/Kuliah/Semester%205/AI/programGA/src/programGA/Kromosom.java</file>
            <file>file:/D:/Kuliah/Semester%205/AI/programGA/src/programGA/GA2.java</file>
            <file>file:/D:/Kuliah/Semester%205/AI/programGA/src/programGA/Populasi.java</file>
            <file>file:/D:/Kuliah/Semester%205/AI/programGA/src/programGA/Graf.java</file>
        </group>
    </open-files>
</project-private>
